ZIP,"Latitude","Longitude","Accuracy Score","Accuracy Type","Address Line 1","Address Line 2","Address Line 3","House Number","Street","Unit Type","Unit Number","City","State","County","Postal Code","Country","Source"
59007-0064,45.161913,-109.158349,1,place,,,"Bearcreek, MT 59007",,,,,Bearcreek,MT,"Carbon County",59007,US,"TIGER/Line® dataset from the US Census Bureau"
59019,45.657453,-109.206617,1,place,,,"Columbus, MT 59019",,,,,Columbus,MT,"Stillwater County",59019,US,"TIGER/Line® dataset from the US Census Bureau"
59041-9455,45.494126,-108.992234,1,place,,,"Joliet, MT 59041",,,,,Joliet,MT,"Carbon County",59041,US,"TIGER/Line® dataset from the US Census Bureau"
59044-9224,45.66912,-108.77153,1,place,,,"Laurel, MT 59044",,,,,Laurel,MT,"Yellowstone County",59044,US,"TIGER/Line® dataset from the US Census Bureau"
59044-9338,45.66912,-108.77153,1,place,,,"Laurel, MT 59044",,,,,Laurel,MT,"Yellowstone County",59044,US,"TIGER/Line® dataset from the US Census Bureau"
59047,45.530664,-110.369054,1,place,,,"Livingston, MT 59047",,,,,Livingston,MT,"Park County",59047,US,"TIGER/Line® dataset from the US Census Bureau"
59047-0974,45.530664,-110.369054,1,place,,,"Livingston, MT 59047",,,,,Livingston,MT,"Park County",59047,US,"TIGER/Line® dataset from the US Census Bureau"
59047-1295,45.530664,-110.369054,1,place,,,"Livingston, MT 59047",,,,,Livingston,MT,"Park County",59047,US,"TIGER/Line® dataset from the US Census Bureau"
59047-1377,45.530664,-110.369054,1,place,,,"Livingston, MT 59047",,,,,Livingston,MT,"Park County",59047,US,"TIGER/Line® dataset from the US Census Bureau"
59047-2501,45.530664,-110.369054,1,place,,,"Livingston, MT 59047",,,,,Livingston,MT,"Park County",59047,US,"TIGER/Line® dataset from the US Census Bureau"
59047-2624,45.530664,-110.369054,1,place,,,"Livingston, MT 59047",,,,,Livingston,MT,"Park County",59047,US,"TIGER/Line® dataset from the US Census Bureau"
59047-2634,45.530664,-110.369054,1,place,,,"Livingston, MT 59047",,,,,Livingston,MT,"Park County",59047,US,"TIGER/Line® dataset from the US Census Bureau"
59047-3025,45.530664,-110.369054,1,place,,,"Livingston, MT 59047",,,,,Livingston,MT,"Park County",59047,US,"TIGER/Line® dataset from the US Census Bureau"
59047-3433,45.530664,-110.369054,1,place,,,"Livingston, MT 59047",,,,,Livingston,MT,"Park County",59047,US,"TIGER/Line® dataset from the US Census Bureau"
59047-3720,45.530664,-110.369054,1,place,,,"Livingston, MT 59047",,,,,Livingston,MT,"Park County",59047,US,"TIGER/Line® dataset from the US Census Bureau"
59047-4101,45.530664,-110.369054,1,place,,,"Livingston, MT 59047",,,,,Livingston,MT,"Park County",59047,US,"TIGER/Line® dataset from the US Census Bureau"
59047-8702,45.530664,-110.369054,1,place,,,"Livingston, MT 59047",,,,,Livingston,MT,"Park County",59047,US,"TIGER/Line® dataset from the US Census Bureau"
59047-9112,45.530664,-110.369054,1,place,,,"Livingston, MT 59047",,,,,Livingston,MT,"Park County",59047,US,"TIGER/Line® dataset from the US Census Bureau"
59047-9371,45.530664,-110.369054,1,place,,,"Livingston, MT 59047",,,,,Livingston,MT,"Park County",59047,US,"TIGER/Line® dataset from the US Census Bureau"
59061-0552,45.475459,-109.595984,1,place,,,"Nye, MT 59061",,,,,Nye,MT,"Stillwater County",59061,US,"TIGER/Line® dataset from the US Census Bureau"
59063-9410,45.62923,-108.92204,1,place,,,"Park City, MT 59063",,,,,"Park City",MT,"Stillwater County",59063,US,"TIGER/Line® dataset from the US Census Bureau"
59068,45.241262,-109.323626,1,place,,,"Red Lodge, MT 59068",,,,,"Red Lodge",MT,"Carbon County",59068,US,"TIGER/Line® dataset from the US Census Bureau"
59068-0065,45.241262,-109.323626,1,place,,,"Red Lodge, MT 59068",,,,,"Red Lodge",MT,"Carbon County",59068,US,"TIGER/Line® dataset from the US Census Bureau"
59068-0263,45.241262,-109.323626,1,place,,,"Red Lodge, MT 59068",,,,,"Red Lodge",MT,"Carbon County",59068,US,"TIGER/Line® dataset from the US Census Bureau"
59068-9539,45.241262,-109.323626,1,place,,,"Red Lodge, MT 59068",,,,,"Red Lodge",MT,"Carbon County",59068,US,"TIGER/Line® dataset from the US Census Bureau"
59069,45.743871,-109.522372,1,place,,,"Reed Point, MT 59069",,,,,"Reed Point",MT,"Stillwater County",59069,US,"TIGER/Line® dataset from the US Census Bureau"
59101-1723,45.686966,-108.387392,1,place,,,"Billings, MT 59101",,,,,Billings,MT,"Yellowstone County",59101,US,"TIGER/Line® dataset from the US Census Bureau"
59101-1816,45.686966,-108.387392,1,place,,,"Billings, MT 59101",,,,,Billings,MT,"Yellowstone County",59101,US,"TIGER/Line® dataset from the US Census Bureau"
59101-5735,45.686966,-108.387392,1,place,,,"Billings, MT 59101",,,,,Billings,MT,"Yellowstone County",59101,US,"TIGER/Line® dataset from the US Census Bureau"
59101-7615,45.686966,-108.387392,1,place,,,"Billings, MT 59101",,,,,Billings,MT,"Yellowstone County",59101,US,"TIGER/Line® dataset from the US Census Bureau"
59101-9715,45.686966,-108.387392,1,place,,,"Billings, MT 59101",,,,,Billings,MT,"Yellowstone County",59101,US,"TIGER/Line® dataset from the US Census Bureau"
59102,45.790379,-108.588144,1,place,,,"Billings, MT 59102",,,,,Billings,MT,"Yellowstone County",59102,US,"TIGER/Line® dataset from the US Census Bureau"
59102-1425,45.790379,-108.588144,1,place,,,"Billings, MT 59102",,,,,Billings,MT,"Yellowstone County",59102,US,"TIGER/Line® dataset from the US Census Bureau"
59102-1714,45.790379,-108.588144,1,place,,,"Billings, MT 59102",,,,,Billings,MT,"Yellowstone County",59102,US,"TIGER/Line® dataset from the US Census Bureau"
59102-1914,45.790379,-108.588144,1,place,,,"Billings, MT 59102",,,,,Billings,MT,"Yellowstone County",59102,US,"TIGER/Line® dataset from the US Census Bureau"
59102-2334,45.790379,-108.588144,1,place,,,"Billings, MT 59102",,,,,Billings,MT,"Yellowstone County",59102,US,"TIGER/Line® dataset from the US Census Bureau"
59102-2450,45.790379,-108.588144,1,place,,,"Billings, MT 59102",,,,,Billings,MT,"Yellowstone County",59102,US,"TIGER/Line® dataset from the US Census Bureau"
59102-2713,45.790379,-108.588144,1,place,,,"Billings, MT 59102",,,,,Billings,MT,"Yellowstone County",59102,US,"TIGER/Line® dataset from the US Census Bureau"
59102-6768,45.790379,-108.588144,1,place,,,"Billings, MT 59102",,,,,Billings,MT,"Yellowstone County",59102,US,"TIGER/Line® dataset from the US Census Bureau"
59103-1977,45.978288,-108.194508,1,place,,,"Billings, MT 59103",,,,,Billings,MT,"Yellowstone County",59103,US,"TIGER/Line® dataset from the US Census Bureau"
59105-2859,45.949726,-108.599037,1,place,,,"Billings, MT 59105",,,,,Billings,MT,"Yellowstone County",59105,US,"TIGER/Line® dataset from the US Census Bureau"
59105-5347,45.949726,-108.599037,1,place,,,"Billings, MT 59105",,,,,Billings,MT,"Yellowstone County",59105,US,"TIGER/Line® dataset from the US Census Bureau"
59106,45.813662,-108.705501,1,place,,,"Billings, MT 59106",,,,,Billings,MT,"Yellowstone County",59106,US,"TIGER/Line® dataset from the US Census Bureau"
59106-4743,45.813662,-108.705501,1,place,,,"Billings, MT 59106",,,,,Billings,MT,"Yellowstone County",59106,US,"TIGER/Line® dataset from the US Census Bureau"
59201-1724,48.09168,-105.64278,1,place,,,"Wolf Point, MT 59201",,,,,"Wolf Point",MT,"Roosevelt County",59201,US,"TIGER/Line® dataset from the US Census Bureau"
59223,47.833775,-106.212668,1,place,,,"Fort Peck, MT 59223",,,,,"Fort Peck",MT,"McCone County",59223,US,"TIGER/Line® dataset from the US Census Bureau"
59255-0616,48.115522,-105.189701,1,place,,,"Poplar, MT 59255",,,,,Poplar,MT,"Roosevelt County",59255,US,"TIGER/Line® dataset from the US Census Bureau"
59323-9686,45.934423,-106.636783,1,place,,,"Colstrip, MT 59323",,,,,Colstrip,MT,"Rosebud County",59323,US,"TIGER/Line® dataset from the US Census Bureau"
59327-9011,46.174223,-106.6303,1,place,,,"Forsyth, MT 59327",,,,,Forsyth,MT,"Rosebud County",59327,US,"TIGER/Line® dataset from the US Census Bureau"
59330,47.180623,-104.774873,1,place,,,"Glendive, MT 59330",,,,,Glendive,MT,"Dawson County",59330,US,"TIGER/Line® dataset from the US Census Bureau"
59330-9509,47.180623,-104.774873,1,place,,,"Glendive, MT 59330",,,,,Glendive,MT,"Dawson County",59330,US,"TIGER/Line® dataset from the US Census Bureau"
59401,47.511219,-111.2755,1,place,,,"Great Falls, MT 59401",,,,,"Great Falls",MT,"Cascade County",59401,US,"TIGER/Line® dataset from the US Census Bureau"
59401-2306,47.511219,-111.2755,1,place,,,"Great Falls, MT 59401",,,,,"Great Falls",MT,"Cascade County",59401,US,"TIGER/Line® dataset from the US Census Bureau"
59401-3114,47.511219,-111.2755,1,place,,,"Great Falls, MT 59401",,,,,"Great Falls",MT,"Cascade County",59401,US,"TIGER/Line® dataset from the US Census Bureau"
59404,47.554109,-111.391407,1,place,,,"Great Falls, MT 59404",,,,,"Great Falls",MT,"Cascade County",59404,US,"TIGER/Line® dataset from the US Census Bureau"
59404-1841,47.554109,-111.391407,1,place,,,"Great Falls, MT 59404",,,,,"Great Falls",MT,"Cascade County",59404,US,"TIGER/Line® dataset from the US Census Bureau"
59404-3835,47.554109,-111.391407,1,place,,,"Great Falls, MT 59404",,,,,"Great Falls",MT,"Cascade County",59404,US,"TIGER/Line® dataset from the US Census Bureau"
59404-6495,47.554109,-111.391407,1,place,,,"Great Falls, MT 59404",,,,,"Great Falls",MT,"Cascade County",59404,US,"TIGER/Line® dataset from the US Census Bureau"
59405,47.277623,-111.290803,1,place,,,"Great Falls, MT 59405",,,,,"Great Falls",MT,"Cascade County",59405,US,"TIGER/Line® dataset from the US Census Bureau"
59405-3504,47.277623,-111.290803,1,place,,,"Great Falls, MT 59405",,,,,"Great Falls",MT,"Cascade County",59405,US,"TIGER/Line® dataset from the US Census Bureau"
59425-2717,48.182782,-111.845931,1,place,,,"Conrad, MT 59425",,,,,Conrad,MT,"Pondera County",59425,US,"TIGER/Line® dataset from the US Census Bureau"
59436-0852,47.61386,-112.207191,1,place,,,"Fairfield, MT 59436",,,,,Fairfield,MT,"Teton County",59436,US,"TIGER/Line® dataset from the US Census Bureau"
59443-0215,47.545978,-111.875624,1,place,,,"Fort Shaw, MT 59443",,,,,"Fort Shaw",MT,"Cascade County",59443,US,"TIGER/Line® dataset from the US Census Bureau"
59447-9033,47.258941,-110.494703,1,place,,,"Geyser, MT 59447",,,,,Geyser,MT,"Judith Basin County",59447,US,"TIGER/Line® dataset from the US Census Bureau"
59452,46.996773,-109.875615,1,place,,,"Hobson, MT 59452",,,,,Hobson,MT,"Judith Basin County",59452,US,"TIGER/Line® dataset from the US Census Bureau"
59457-3345,47.06247,-109.42824,1,place,,,"Lewistown, MT 59457",,,,,Lewistown,MT,"Fergus County",59457,US,"TIGER/Line® dataset from the US Census Bureau"
59457-3588,47.06247,-109.42824,1,place,,,"Lewistown, MT 59457",,,,,Lewistown,MT,"Fergus County",59457,US,"TIGER/Line® dataset from the US Census Bureau"
59501-3530,48.55417,-109.67853,1,place,,,"Havre, MT 59501",,,,,Havre,MT,"Hill County",59501,US,"TIGER/Line® dataset from the US Census Bureau"
59522-0544,48.510659,-110.967372,1,place,,,"Chester, MT 59522",,,,,Chester,MT,"Liberty County",59522,US,"TIGER/Line® dataset from the US Census Bureau"
59522-7802,48.510659,-110.967372,1,place,,,"Chester, MT 59522",,,,,Chester,MT,"Liberty County",59522,US,"TIGER/Line® dataset from the US Census Bureau"
59601,46.527398,-112.21037,1,place,,,"Helena, MT 59601",,,,,Helena,MT,"Lewis And Clark County",59601,US,"TIGER/Line® dataset from the US Census Bureau"
59601-0443,46.527398,-112.21037,1,place,,,"Helena, MT 59601",,,,,Helena,MT,"Lewis And Clark County",59601,US,"TIGER/Line® dataset from the US Census Bureau"
59601-0474,46.527398,-112.21037,1,place,,,"Helena, MT 59601",,,,,Helena,MT,"Lewis And Clark County",59601,US,"TIGER/Line® dataset from the US Census Bureau"
59601-1319,46.527398,-112.21037,1,place,,,"Helena, MT 59601",,,,,Helena,MT,"Lewis And Clark County",59601,US,"TIGER/Line® dataset from the US Census Bureau"
59601-1413,46.527398,-112.21037,1,place,,,"Helena, MT 59601",,,,,Helena,MT,"Lewis And Clark County",59601,US,"TIGER/Line® dataset from the US Census Bureau"
59601-2709,46.527398,-112.21037,1,place,,,"Helena, MT 59601",,,,,Helena,MT,"Lewis And Clark County",59601,US,"TIGER/Line® dataset from the US Census Bureau"
59601-3524,46.527398,-112.21037,1,place,,,"Helena, MT 59601",,,,,Helena,MT,"Lewis And Clark County",59601,US,"TIGER/Line® dataset from the US Census Bureau"
59601-3633,46.527398,-112.21037,1,place,,,"Helena, MT 59601",,,,,Helena,MT,"Lewis And Clark County",59601,US,"TIGER/Line® dataset from the US Census Bureau"
59601-4108,46.527398,-112.21037,1,place,,,"Helena, MT 59601",,,,,Helena,MT,"Lewis And Clark County",59601,US,"TIGER/Line® dataset from the US Census Bureau"
59601-4205,46.527398,-112.21037,1,place,,,"Helena, MT 59601",,,,,Helena,MT,"Lewis And Clark County",59601,US,"TIGER/Line® dataset from the US Census Bureau"
59601-4711,46.527398,-112.21037,1,place,,,"Helena, MT 59601",,,,,Helena,MT,"Lewis And Clark County",59601,US,"TIGER/Line® dataset from the US Census Bureau"
59601-4984,46.527398,-112.21037,1,place,,,"Helena, MT 59601",,,,,Helena,MT,"Lewis And Clark County",59601,US,"TIGER/Line® dataset from the US Census Bureau"
59601-5125,46.527398,-112.21037,1,place,,,"Helena, MT 59601",,,,,Helena,MT,"Lewis And Clark County",59601,US,"TIGER/Line® dataset from the US Census Bureau"
59601-5317,46.527398,-112.21037,1,place,,,"Helena, MT 59601",,,,,Helena,MT,"Lewis And Clark County",59601,US,"TIGER/Line® dataset from the US Census Bureau"
59601-5445,46.527398,-112.21037,1,place,,,"Helena, MT 59601",,,,,Helena,MT,"Lewis And Clark County",59601,US,"TIGER/Line® dataset from the US Census Bureau"
59601-5446,46.527398,-112.21037,1,place,,,"Helena, MT 59601",,,,,Helena,MT,"Lewis And Clark County",59601,US,"TIGER/Line® dataset from the US Census Bureau"
59601-6041,46.527398,-112.21037,1,place,,,"Helena, MT 59601",,,,,Helena,MT,"Lewis And Clark County",59601,US,"TIGER/Line® dataset from the US Census Bureau"
59601-6113,46.527398,-112.21037,1,place,,,"Helena, MT 59601",,,,,Helena,MT,"Lewis And Clark County",59601,US,"TIGER/Line® dataset from the US Census Bureau"
59601-6147,46.527398,-112.21037,1,place,,,"Helena, MT 59601",,,,,Helena,MT,"Lewis And Clark County",59601,US,"TIGER/Line® dataset from the US Census Bureau"
59601-6326,46.527398,-112.21037,1,place,,,"Helena, MT 59601",,,,,Helena,MT,"Lewis And Clark County",59601,US,"TIGER/Line® dataset from the US Census Bureau"
59602,46.707449,-111.957961,1,place,,,"Helena, MT 59602",,,,,Helena,MT,"Lewis And Clark County",59602,US,"TIGER/Line® dataset from the US Census Bureau"
59602-0566,46.707449,-111.957961,1,place,,,"Helena, MT 59602",,,,,Helena,MT,"Lewis And Clark County",59602,US,"TIGER/Line® dataset from the US Census Bureau"
59602-6701,46.707449,-111.957961,1,place,,,"Helena, MT 59602",,,,,Helena,MT,"Lewis And Clark County",59602,US,"TIGER/Line® dataset from the US Census Bureau"
59602-8958,46.707449,-111.957961,1,place,,,"Helena, MT 59602",,,,,Helena,MT,"Lewis And Clark County",59602,US,"TIGER/Line® dataset from the US Census Bureau"
59632-0566,46.141948,-111.942989,1,place,,,"Boulder, MT 59632",,,,,Boulder,MT,"Jefferson County",59632,US,"TIGER/Line® dataset from the US Census Bureau"
59634-9553,46.4506,-112.00596,1,place,,,"Clancy, MT 59634",,,,,Clancy,MT,"Jefferson County",59634,US,"TIGER/Line® dataset from the US Census Bureau"
59634-9554,46.4506,-112.00596,1,place,,,"Clancy, MT 59634",,,,,Clancy,MT,"Jefferson County",59634,US,"TIGER/Line® dataset from the US Census Bureau"
59634-9816,46.4506,-112.00596,1,place,,,"Clancy, MT 59634",,,,,Clancy,MT,"Jefferson County",59634,US,"TIGER/Line® dataset from the US Census Bureau"
59635-1584,46.58799,-111.92388,1,place,,,"East Helena, MT 59635",,,,,"East Helena",MT,"Lewis And Clark County",59635,US,"TIGER/Line® dataset from the US Census Bureau"
59639-1057,46.958253,-112.623833,1,place,,,"Lincoln, MT 59639",,,,,Lincoln,MT,"Lewis And Clark County",59639,US,"TIGER/Line® dataset from the US Census Bureau"
59701-4452,45.997895,-112.598765,1,place,,,"Butte, MT 59701",,,,,Butte,MT,"Silver Bow County",59701,US,"TIGER/Line® dataset from the US Census Bureau"
59701-5506,45.997895,-112.598765,1,place,,,"Butte, MT 59701",,,,,Butte,MT,"Silver Bow County",59701,US,"TIGER/Line® dataset from the US Census Bureau"
59701-8007,45.997895,-112.598765,1,place,,,"Butte, MT 59701",,,,,Butte,MT,"Silver Bow County",59701,US,"TIGER/Line® dataset from the US Census Bureau"
59701-9365,45.997895,-112.598765,1,place,,,"Butte, MT 59701",,,,,Butte,MT,"Silver Bow County",59701,US,"TIGER/Line® dataset from the US Census Bureau"
59701-9600,45.997895,-112.598765,1,place,,,"Butte, MT 59701",,,,,Butte,MT,"Silver Bow County",59701,US,"TIGER/Line® dataset from the US Census Bureau"
59711-2468,46.15821,-113.009421,1,place,,,"Anaconda, MT 59711",,,,,Anaconda,MT,"Deer Lodge County",59711,US,"TIGER/Line® dataset from the US Census Bureau"
59713-0319,46.62625,-112.5818,1,place,,,"Avon, MT 59713",,,,,Avon,MT,"Powell County",59713,US,"TIGER/Line® dataset from the US Census Bureau"
59714,45.77576,-111.17718,1,place,,,"Belgrade, MT 59714",,,,,Belgrade,MT,"Gallatin County",59714,US,"TIGER/Line® dataset from the US Census Bureau"
59714-4224,45.77576,-111.17718,1,place,,,"Belgrade, MT 59714",,,,,Belgrade,MT,"Gallatin County",59714,US,"TIGER/Line® dataset from the US Census Bureau"
59714-7707,45.77576,-111.17718,1,place,,,"Belgrade, MT 59714",,,,,Belgrade,MT,"Gallatin County",59714,US,"TIGER/Line® dataset from the US Census Bureau"
59714-8479,45.77576,-111.17718,1,place,,,"Belgrade, MT 59714",,,,,Belgrade,MT,"Gallatin County",59714,US,"TIGER/Line® dataset from the US Census Bureau"
59714-9111,45.77576,-111.17718,1,place,,,"Belgrade, MT 59714",,,,,Belgrade,MT,"Gallatin County",59714,US,"TIGER/Line® dataset from the US Census Bureau"
59715,45.82641,-110.898799,1,place,,,"Bozeman, MT 59715",,,,,Bozeman,MT,"Gallatin County",59715,US,"TIGER/Line® dataset from the US Census Bureau"
59715-1503,45.82641,-110.898799,1,place,,,"Bozeman, MT 59715",,,,,Bozeman,MT,"Gallatin County",59715,US,"TIGER/Line® dataset from the US Census Bureau"
59715-1772,45.82641,-110.898799,1,place,,,"Bozeman, MT 59715",,,,,Bozeman,MT,"Gallatin County",59715,US,"TIGER/Line® dataset from the US Census Bureau"
59715-2905,45.82641,-110.898799,1,place,,,"Bozeman, MT 59715",,,,,Bozeman,MT,"Gallatin County",59715,US,"TIGER/Line® dataset from the US Census Bureau"
59715-3817,45.82641,-110.898799,1,place,,,"Bozeman, MT 59715",,,,,Bozeman,MT,"Gallatin County",59715,US,"TIGER/Line® dataset from the US Census Bureau"
59715-3843,45.82641,-110.898799,1,place,,,"Bozeman, MT 59715",,,,,Bozeman,MT,"Gallatin County",59715,US,"TIGER/Line® dataset from the US Census Bureau"
59715-3976,45.82641,-110.898799,1,place,,,"Bozeman, MT 59715",,,,,Bozeman,MT,"Gallatin County",59715,US,"TIGER/Line® dataset from the US Census Bureau"
59715-4011,45.82641,-110.898799,1,place,,,"Bozeman, MT 59715",,,,,Bozeman,MT,"Gallatin County",59715,US,"TIGER/Line® dataset from the US Census Bureau"
59715-5162,45.82641,-110.898799,1,place,,,"Bozeman, MT 59715",,,,,Bozeman,MT,"Gallatin County",59715,US,"TIGER/Line® dataset from the US Census Bureau"
59715-5208,45.82641,-110.898799,1,place,,,"Bozeman, MT 59715",,,,,Bozeman,MT,"Gallatin County",59715,US,"TIGER/Line® dataset from the US Census Bureau"
59715-5279,45.82641,-110.898799,1,place,,,"Bozeman, MT 59715",,,,,Bozeman,MT,"Gallatin County",59715,US,"TIGER/Line® dataset from the US Census Bureau"
59715-5408,45.82641,-110.898799,1,place,,,"Bozeman, MT 59715",,,,,Bozeman,MT,"Gallatin County",59715,US,"TIGER/Line® dataset from the US Census Bureau"
59715-5717,45.82641,-110.898799,1,place,,,"Bozeman, MT 59715",,,,,Bozeman,MT,"Gallatin County",59715,US,"TIGER/Line® dataset from the US Census Bureau"
59715-6002,45.82641,-110.898799,1,place,,,"Bozeman, MT 59715",,,,,Bozeman,MT,"Gallatin County",59715,US,"TIGER/Line® dataset from the US Census Bureau"
59715-6015,45.82641,-110.898799,1,place,,,"Bozeman, MT 59715",,,,,Bozeman,MT,"Gallatin County",59715,US,"TIGER/Line® dataset from the US Census Bureau"
59715-6628,45.82641,-110.898799,1,place,,,"Bozeman, MT 59715",,,,,Bozeman,MT,"Gallatin County",59715,US,"TIGER/Line® dataset from the US Census Bureau"
59715-6645,45.82641,-110.898799,1,place,,,"Bozeman, MT 59715",,,,,Bozeman,MT,"Gallatin County",59715,US,"TIGER/Line® dataset from the US Census Bureau"
59715-7150,45.82641,-110.898799,1,place,,,"Bozeman, MT 59715",,,,,Bozeman,MT,"Gallatin County",59715,US,"TIGER/Line® dataset from the US Census Bureau"
59715-7720,45.82641,-110.898799,1,place,,,"Bozeman, MT 59715",,,,,Bozeman,MT,"Gallatin County",59715,US,"TIGER/Line® dataset from the US Census Bureau"
59715-8013,45.82641,-110.898799,1,place,,,"Bozeman, MT 59715",,,,,Bozeman,MT,"Gallatin County",59715,US,"TIGER/Line® dataset from the US Census Bureau"
59715-8027,45.82641,-110.898799,1,place,,,"Bozeman, MT 59715",,,,,Bozeman,MT,"Gallatin County",59715,US,"TIGER/Line® dataset from the US Census Bureau"
59715-8035,45.82641,-110.898799,1,place,,,"Bozeman, MT 59715",,,,,Bozeman,MT,"Gallatin County",59715,US,"TIGER/Line® dataset from the US Census Bureau"
59715-8251,45.82641,-110.898799,1,place,,,"Bozeman, MT 59715",,,,,Bozeman,MT,"Gallatin County",59715,US,"TIGER/Line® dataset from the US Census Bureau"
59715-8496,45.82641,-110.898799,1,place,,,"Bozeman, MT 59715",,,,,Bozeman,MT,"Gallatin County",59715,US,"TIGER/Line® dataset from the US Census Bureau"
59715-8508,45.82641,-110.898799,1,place,,,"Bozeman, MT 59715",,,,,Bozeman,MT,"Gallatin County",59715,US,"TIGER/Line® dataset from the US Census Bureau"
59715-8756,45.82641,-110.898799,1,place,,,"Bozeman, MT 59715",,,,,Bozeman,MT,"Gallatin County",59715,US,"TIGER/Line® dataset from the US Census Bureau"
59715-8793,45.82641,-110.898799,1,place,,,"Bozeman, MT 59715",,,,,Bozeman,MT,"Gallatin County",59715,US,"TIGER/Line® dataset from the US Census Bureau"
59715-9220,45.82641,-110.898799,1,place,,,"Bozeman, MT 59715",,,,,Bozeman,MT,"Gallatin County",59715,US,"TIGER/Line® dataset from the US Census Bureau"
59715-9241,45.82641,-110.898799,1,place,,,"Bozeman, MT 59715",,,,,Bozeman,MT,"Gallatin County",59715,US,"TIGER/Line® dataset from the US Census Bureau"
59715-9322,45.82641,-110.898799,1,place,,,"Bozeman, MT 59715",,,,,Bozeman,MT,"Gallatin County",59715,US,"TIGER/Line® dataset from the US Census Bureau"
59715-9330,45.82641,-110.898799,1,place,,,"Bozeman, MT 59715",,,,,Bozeman,MT,"Gallatin County",59715,US,"TIGER/Line® dataset from the US Census Bureau"
59715-9352,45.82641,-110.898799,1,place,,,"Bozeman, MT 59715",,,,,Bozeman,MT,"Gallatin County",59715,US,"TIGER/Line® dataset from the US Census Bureau"
59715-9368,45.82641,-110.898799,1,place,,,"Bozeman, MT 59715",,,,,Bozeman,MT,"Gallatin County",59715,US,"TIGER/Line® dataset from the US Census Bureau"
59715-9628,45.82641,-110.898799,1,place,,,"Bozeman, MT 59715",,,,,Bozeman,MT,"Gallatin County",59715,US,"TIGER/Line® dataset from the US Census Bureau"
59715-9630,45.82641,-110.898799,1,place,,,"Bozeman, MT 59715",,,,,Bozeman,MT,"Gallatin County",59715,US,"TIGER/Line® dataset from the US Census Bureau"
59716-1000,45.28465,-111.36829,1,place,,,"Big Sky, MT 59716",,,,,"Big Sky",MT,"Gallatin County",59716,US,"TIGER/Line® dataset from the US Census Bureau"
59716-1725,45.28465,-111.36829,1,place,,,"Big Sky, MT 59716",,,,,"Big Sky",MT,"Gallatin County",59716,US,"TIGER/Line® dataset from the US Census Bureau"
59718,45.66812,-111.240393,1,place,,,"Bozeman, MT 59718",,,,,Bozeman,MT,"Gallatin County",59718,US,"TIGER/Line® dataset from the US Census Bureau"
59718-2084,45.66812,-111.240393,1,place,,,"Bozeman, MT 59718",,,,,Bozeman,MT,"Gallatin County",59718,US,"TIGER/Line® dataset from the US Census Bureau"
59718-2447,45.66812,-111.240393,1,place,,,"Bozeman, MT 59718",,,,,Bozeman,MT,"Gallatin County",59718,US,"TIGER/Line® dataset from the US Census Bureau"
59718-2724,45.66812,-111.240393,1,place,,,"Bozeman, MT 59718",,,,,Bozeman,MT,"Gallatin County",59718,US,"TIGER/Line® dataset from the US Census Bureau"
59718-2818,45.66812,-111.240393,1,place,,,"Bozeman, MT 59718",,,,,Bozeman,MT,"Gallatin County",59718,US,"TIGER/Line® dataset from the US Census Bureau"
59718-2859,45.66812,-111.240393,1,place,,,"Bozeman, MT 59718",,,,,Bozeman,MT,"Gallatin County",59718,US,"TIGER/Line® dataset from the US Census Bureau"
59718-4117,45.66812,-111.240393,1,place,,,"Bozeman, MT 59718",,,,,Bozeman,MT,"Gallatin County",59718,US,"TIGER/Line® dataset from the US Census Bureau"
59718-4836,45.66812,-111.240393,1,place,,,"Bozeman, MT 59718",,,,,Bozeman,MT,"Gallatin County",59718,US,"TIGER/Line® dataset from the US Census Bureau"
59718-5837,45.66812,-111.240393,1,place,,,"Bozeman, MT 59718",,,,,Bozeman,MT,"Gallatin County",59718,US,"TIGER/Line® dataset from the US Census Bureau"
59718-6113,45.66812,-111.240393,1,place,,,"Bozeman, MT 59718",,,,,Bozeman,MT,"Gallatin County",59718,US,"TIGER/Line® dataset from the US Census Bureau"
59718-6131,45.66812,-111.240393,1,place,,,"Bozeman, MT 59718",,,,,Bozeman,MT,"Gallatin County",59718,US,"TIGER/Line® dataset from the US Census Bureau"
59718-6167,45.66812,-111.240393,1,place,,,"Bozeman, MT 59718",,,,,Bozeman,MT,"Gallatin County",59718,US,"TIGER/Line® dataset from the US Census Bureau"
59718-6192,45.66812,-111.240393,1,place,,,"Bozeman, MT 59718",,,,,Bozeman,MT,"Gallatin County",59718,US,"TIGER/Line® dataset from the US Census Bureau"
59718-6619,45.66812,-111.240393,1,place,,,"Bozeman, MT 59718",,,,,Bozeman,MT,"Gallatin County",59718,US,"TIGER/Line® dataset from the US Census Bureau"
59718-7528,45.66812,-111.240393,1,place,,,"Bozeman, MT 59718",,,,,Bozeman,MT,"Gallatin County",59718,US,"TIGER/Line® dataset from the US Census Bureau"
59718-7704,45.66812,-111.240393,1,place,,,"Bozeman, MT 59718",,,,,Bozeman,MT,"Gallatin County",59718,US,"TIGER/Line® dataset from the US Census Bureau"
59718-7872,45.66812,-111.240393,1,place,,,"Bozeman, MT 59718",,,,,Bozeman,MT,"Gallatin County",59718,US,"TIGER/Line® dataset from the US Census Bureau"
59718-8713,45.66812,-111.240393,1,place,,,"Bozeman, MT 59718",,,,,Bozeman,MT,"Gallatin County",59718,US,"TIGER/Line® dataset from the US Census Bureau"
59718-8966,45.66812,-111.240393,1,place,,,"Bozeman, MT 59718",,,,,Bozeman,MT,"Gallatin County",59718,US,"TIGER/Line® dataset from the US Census Bureau"
59729,45.289586,-111.665136,1,place,,,"Ennis, MT 59729",,,,,Ennis,MT,"Madison County",59729,US,"TIGER/Line® dataset from the US Census Bureau"
59749-7726,45.45548,-112.19694,1,place,,,"Sheridan, MT 59749",,,,,Sheridan,MT,"Madison County",59749,US,"TIGER/Line® dataset from the US Census Bureau"
59758,44.763016,-111.237705,1,place,,,"West Yellowstone, MT 59758",,,,,"West Yellowstone",MT,"Gallatin County",59758,US,"TIGER/Line® dataset from the US Census Bureau"
59758-0967,44.763016,-111.237705,1,place,,,"West Yellowstone, MT 59758",,,,,"West Yellowstone",MT,"Gallatin County",59758,US,"TIGER/Line® dataset from the US Census Bureau"
59760-0253,45.782744,-111.634532,1,place,,,"Willow Creek, MT 59760",,,,,"Willow Creek",MT,"Gallatin County",59760,US,"TIGER/Line® dataset from the US Census Bureau"
59771-1871,45.72465,-111.123775,1,place,,,"Bozeman, MT 59771",,,,,Bozeman,MT,"Gallatin County",59771,US,"TIGER/Line® dataset from the US Census Bureau"
59801,46.856398,-114.014338,1,place,,,"Missoula, MT 59801",,,,,Missoula,MT,"Missoula County",59801,US,"TIGER/Line® dataset from the US Census Bureau"
59801-1845,46.856398,-114.014338,1,place,,,"Missoula, MT 59801",,,,,Missoula,MT,"Missoula County",59801,US,"TIGER/Line® dataset from the US Census Bureau"
59801-1848,46.856398,-114.014338,1,place,,,"Missoula, MT 59801",,,,,Missoula,MT,"Missoula County",59801,US,"TIGER/Line® dataset from the US Census Bureau"
59801-2716,46.856398,-114.014338,1,place,,,"Missoula, MT 59801",,,,,Missoula,MT,"Missoula County",59801,US,"TIGER/Line® dataset from the US Census Bureau"
59801-3352,46.856398,-114.014338,1,place,,,"Missoula, MT 59801",,,,,Missoula,MT,"Missoula County",59801,US,"TIGER/Line® dataset from the US Census Bureau"
59801-3827,46.856398,-114.014338,1,place,,,"Missoula, MT 59801",,,,,Missoula,MT,"Missoula County",59801,US,"TIGER/Line® dataset from the US Census Bureau"
59801-4835,46.856398,-114.014338,1,place,,,"Missoula, MT 59801",,,,,Missoula,MT,"Missoula County",59801,US,"TIGER/Line® dataset from the US Census Bureau"
59801-5946,46.856398,-114.014338,1,place,,,"Missoula, MT 59801",,,,,Missoula,MT,"Missoula County",59801,US,"TIGER/Line® dataset from the US Census Bureau"
59801-7052,46.856398,-114.014338,1,place,,,"Missoula, MT 59801",,,,,Missoula,MT,"Missoula County",59801,US,"TIGER/Line® dataset from the US Census Bureau"
59801-7318,46.856398,-114.014338,1,place,,,"Missoula, MT 59801",,,,,Missoula,MT,"Missoula County",59801,US,"TIGER/Line® dataset from the US Census Bureau"
59801-8134,46.856398,-114.014338,1,place,,,"Missoula, MT 59801",,,,,Missoula,MT,"Missoula County",59801,US,"TIGER/Line® dataset from the US Census Bureau"
59802,46.903865,-113.919148,1,place,,,"Missoula, MT 59802",,,,,Missoula,MT,"Missoula County",59802,US,"TIGER/Line® dataset from the US Census Bureau"
59802-2532,46.903865,-113.919148,1,place,,,"Missoula, MT 59802",,,,,Missoula,MT,"Missoula County",59802,US,"TIGER/Line® dataset from the US Census Bureau"
59802-2774,46.903865,-113.919148,1,place,,,"Missoula, MT 59802",,,,,Missoula,MT,"Missoula County",59802,US,"TIGER/Line® dataset from the US Census Bureau"
59802-3166,46.903865,-113.919148,1,place,,,"Missoula, MT 59802",,,,,Missoula,MT,"Missoula County",59802,US,"TIGER/Line® dataset from the US Census Bureau"
59802-3356,46.903865,-113.919148,1,place,,,"Missoula, MT 59802",,,,,Missoula,MT,"Missoula County",59802,US,"TIGER/Line® dataset from the US Census Bureau"
59802-3358,46.903865,-113.919148,1,place,,,"Missoula, MT 59802",,,,,Missoula,MT,"Missoula County",59802,US,"TIGER/Line® dataset from the US Census Bureau"
59802-3659,46.903865,-113.919148,1,place,,,"Missoula, MT 59802",,,,,Missoula,MT,"Missoula County",59802,US,"TIGER/Line® dataset from the US Census Bureau"
59802-5224,46.903865,-113.919148,1,place,,,"Missoula, MT 59802",,,,,Missoula,MT,"Missoula County",59802,US,"TIGER/Line® dataset from the US Census Bureau"
59803-1504,46.811758,-113.987645,1,place,,,"Missoula, MT 59803",,,,,Missoula,MT,"Missoula County",59803,US,"TIGER/Line® dataset from the US Census Bureau"
59803-1518,46.811758,-113.987645,1,place,,,"Missoula, MT 59803",,,,,Missoula,MT,"Missoula County",59803,US,"TIGER/Line® dataset from the US Census Bureau"
59803-1638,46.811758,-113.987645,1,place,,,"Missoula, MT 59803",,,,,Missoula,MT,"Missoula County",59803,US,"TIGER/Line® dataset from the US Census Bureau"
59803-2525,46.811758,-113.987645,1,place,,,"Missoula, MT 59803",,,,,Missoula,MT,"Missoula County",59803,US,"TIGER/Line® dataset from the US Census Bureau"
59803-2801,46.811758,-113.987645,1,place,,,"Missoula, MT 59803",,,,,Missoula,MT,"Missoula County",59803,US,"TIGER/Line® dataset from the US Census Bureau"
59803-3223,46.811758,-113.987645,1,place,,,"Missoula, MT 59803",,,,,Missoula,MT,"Missoula County",59803,US,"TIGER/Line® dataset from the US Census Bureau"
59803-9500,46.811758,-113.987645,1,place,,,"Missoula, MT 59803",,,,,Missoula,MT,"Missoula County",59803,US,"TIGER/Line® dataset from the US Census Bureau"
59803-9625,46.811758,-113.987645,1,place,,,"Missoula, MT 59803",,,,,Missoula,MT,"Missoula County",59803,US,"TIGER/Line® dataset from the US Census Bureau"
59803-9637,46.811758,-113.987645,1,place,,,"Missoula, MT 59803",,,,,Missoula,MT,"Missoula County",59803,US,"TIGER/Line® dataset from the US Census Bureau"
59804-1167,46.846708,-114.169784,1,place,,,"Missoula, MT 59804",,,,,Missoula,MT,"Missoula County",59804,US,"TIGER/Line® dataset from the US Census Bureau"
59804-3033,46.846708,-114.169784,1,place,,,"Missoula, MT 59804",,,,,Missoula,MT,"Missoula County",59804,US,"TIGER/Line® dataset from the US Census Bureau"
59804-4526,46.846708,-114.169784,1,place,,,"Missoula, MT 59804",,,,,Missoula,MT,"Missoula County",59804,US,"TIGER/Line® dataset from the US Census Bureau"
59807-8687,46.910342,-113.958686,1,place,,,"Missoula, MT 59807",,,,,Missoula,MT,"Missoula County",59807,US,"TIGER/Line® dataset from the US Census Bureau"
59808,46.977603,-114.061856,1,place,,,"Missoula, MT 59808",,,,,Missoula,MT,"Missoula County",59808,US,"TIGER/Line® dataset from the US Census Bureau"
59808-1209,46.977603,-114.061856,1,place,,,"Missoula, MT 59808",,,,,Missoula,MT,"Missoula County",59808,US,"TIGER/Line® dataset from the US Census Bureau"
59808-1821,46.977603,-114.061856,1,place,,,"Missoula, MT 59808",,,,,Missoula,MT,"Missoula County",59808,US,"TIGER/Line® dataset from the US Census Bureau"
59808-2022,46.977603,-114.061856,1,place,,,"Missoula, MT 59808",,,,,Missoula,MT,"Missoula County",59808,US,"TIGER/Line® dataset from the US Census Bureau"
59808-5904,46.977603,-114.061856,1,place,,,"Missoula, MT 59808",,,,,Missoula,MT,"Missoula County",59808,US,"TIGER/Line® dataset from the US Census Bureau"
59808-9050,46.977603,-114.061856,1,place,,,"Missoula, MT 59808",,,,,Missoula,MT,"Missoula County",59808,US,"TIGER/Line® dataset from the US Census Bureau"
59808-9098,46.977603,-114.061856,1,place,,,"Missoula, MT 59808",,,,,Missoula,MT,"Missoula County",59808,US,"TIGER/Line® dataset from the US Census Bureau"
59808-9388,46.977603,-114.061856,1,place,,,"Missoula, MT 59808",,,,,Missoula,MT,"Missoula County",59808,US,"TIGER/Line® dataset from the US Census Bureau"
59808-9389,46.977603,-114.061856,1,place,,,"Missoula, MT 59808",,,,,Missoula,MT,"Missoula County",59808,US,"TIGER/Line® dataset from the US Census Bureau"
59820-9471,46.989275,-114.558456,1,place,,,"Alberton, MT 59820",,,,,Alberton,MT,"Mineral County",59820,US,"TIGER/Line® dataset from the US Census Bureau"
59821-0064,47.220055,-114.024625,1,place,,,"Arlee, MT 59821",,,,,Arlee,MT,"Lake County",59821,US,"TIGER/Line® dataset from the US Census Bureau"
59823-9137,46.87326,-113.86455,1,place,,,"Bonner, MT 59823",,,,,Bonner,MT,"Missoula County",59823,US,"TIGER/Line® dataset from the US Census Bureau"
59823-9215,46.87326,-113.86455,1,place,,,"Bonner, MT 59823",,,,,Bonner,MT,"Missoula County",59823,US,"TIGER/Line® dataset from the US Census Bureau"
59823-9619,46.87326,-113.86455,1,place,,,"Bonner, MT 59823",,,,,Bonner,MT,"Missoula County",59823,US,"TIGER/Line® dataset from the US Census Bureau"
59828-9469,46.31936,-114.11453,1,place,,,"Corvallis, MT 59828",,,,,Corvallis,MT,"Ravalli County",59828,US,"TIGER/Line® dataset from the US Census Bureau"
59828-9648,46.31936,-114.11453,1,place,,,"Corvallis, MT 59828",,,,,Corvallis,MT,"Ravalli County",59828,US,"TIGER/Line® dataset from the US Census Bureau"
59833-6531,46.617296,-114.04192,1,place,,,"Florence, MT 59833",,,,,Florence,MT,"Ravalli County",59833,US,"TIGER/Line® dataset from the US Census Bureau"
59833-6712,46.617296,-114.04192,1,place,,,"Florence, MT 59833",,,,,Florence,MT,"Ravalli County",59833,US,"TIGER/Line® dataset from the US Census Bureau"
59840,46.234189,-114.165774,1,place,,,"Hamilton, MT 59840",,,,,Hamilton,MT,"Ravalli County",59840,US,"TIGER/Line® dataset from the US Census Bureau"
59840-9330,46.234189,-114.165774,1,place,,,"Hamilton, MT 59840",,,,,Hamilton,MT,"Ravalli County",59840,US,"TIGER/Line® dataset from the US Census Bureau"
59846-9521,47.067886,-114.398643,1,place,,,"Huson, MT 59846",,,,,Huson,MT,"Missoula County",59846,US,"TIGER/Line® dataset from the US Census Bureau"
59846-9639,47.067886,-114.398643,1,place,,,"Huson, MT 59846",,,,,Huson,MT,"Missoula County",59846,US,"TIGER/Line® dataset from the US Census Bureau"
59847,46.7454,-114.299241,1,place,,,"Lolo, MT 59847",,,,,Lolo,MT,"Missoula County",59847,US,"TIGER/Line® dataset from the US Census Bureau"
59847-9763,46.7454,-114.299241,1,place,,,"Lolo, MT 59847",,,,,Lolo,MT,"Missoula County",59847,US,"TIGER/Line® dataset from the US Census Bureau"
59853-8502,48.076781,-115.858153,1,place,,,"Noxon, MT 59853",,,,,Noxon,MT,"Sanders County",59853,US,"TIGER/Line® dataset from the US Census Bureau"
59854-0078,47.035882,-113.097461,1,place,,,"Ovando, MT 59854",,,,,Ovando,MT,"Powell County",59854,US,"TIGER/Line® dataset from the US Census Bureau"
59860-1451,47.737279,-114.230256,1,place,,,"Polson, MT 59860",,,,,Polson,MT,"Lake County",59860,US,"TIGER/Line® dataset from the US Census Bureau"
59860-6831,47.737279,-114.230256,1,place,,,"Polson, MT 59860",,,,,Polson,MT,"Lake County",59860,US,"TIGER/Line® dataset from the US Census Bureau"
59860-7878,47.737279,-114.230256,1,place,,,"Polson, MT 59860",,,,,Polson,MT,"Lake County",59860,US,"TIGER/Line® dataset from the US Census Bureau"
59864,47.507347,-114.178287,1,place,,,"Ronan, MT 59864",,,,,Ronan,MT,"Lake County",59864,US,"TIGER/Line® dataset from the US Census Bureau"
59865,47.37245,-114.064086,1,place,,,"Saint Ignatius, MT 59865",,,,,"Saint Ignatius",MT,"Lake County",59865,US,"TIGER/Line® dataset from the US Census Bureau"
59868-0061,47.300776,-113.548481,1,place,,,"Seeley Lake, MT 59868",,,,,"Seeley Lake",MT,"Missoula County",59868,US,"TIGER/Line® dataset from the US Census Bureau"
59870-2808,46.50742,-114.08288,1,place,,,"Stevensville, MT 59870",,,,,Stevensville,MT,"Ravalli County",59870,US,"TIGER/Line® dataset from the US Census Bureau"
59870-6001,46.50742,-114.08288,1,place,,,"Stevensville, MT 59870",,,,,Stevensville,MT,"Ravalli County",59870,US,"TIGER/Line® dataset from the US Census Bureau"
59870-6110,46.50742,-114.08288,1,place,,,"Stevensville, MT 59870",,,,,Stevensville,MT,"Ravalli County",59870,US,"TIGER/Line® dataset from the US Census Bureau"
59870-6371,46.50742,-114.08288,1,place,,,"Stevensville, MT 59870",,,,,Stevensville,MT,"Ravalli County",59870,US,"TIGER/Line® dataset from the US Census Bureau"
59870-6405,46.50742,-114.08288,1,place,,,"Stevensville, MT 59870",,,,,Stevensville,MT,"Ravalli County",59870,US,"TIGER/Line® dataset from the US Census Bureau"
59870-6673,46.50742,-114.08288,1,place,,,"Stevensville, MT 59870",,,,,Stevensville,MT,"Ravalli County",59870,US,"TIGER/Line® dataset from the US Census Bureau"
59870-7034,46.50742,-114.08288,1,place,,,"Stevensville, MT 59870",,,,,Stevensville,MT,"Ravalli County",59870,US,"TIGER/Line® dataset from the US Census Bureau"
59874-9688,47.794472,-115.538422,1,place,,,"Trout Creek, MT 59874",,,,,"Trout Creek",MT,"Sanders County",59874,US,"TIGER/Line® dataset from the US Census Bureau"
59875-9743,46.395224,-114.160159,1,place,,,"Victor, MT 59875",,,,,Victor,MT,"Ravalli County",59875,US,"TIGER/Line® dataset from the US Census Bureau"
59901-2335,48.202765,-114.303919,1,place,,,"Kalispell, MT 59901",,,,,Kalispell,MT,"Flathead County",59901,US,"TIGER/Line® dataset from the US Census Bureau"
59901-2372,48.202765,-114.303919,1,place,,,"Kalispell, MT 59901",,,,,Kalispell,MT,"Flathead County",59901,US,"TIGER/Line® dataset from the US Census Bureau"
59901-2996,48.202765,-114.303919,1,place,,,"Kalispell, MT 59901",,,,,Kalispell,MT,"Flathead County",59901,US,"TIGER/Line® dataset from the US Census Bureau"
59901-3415,48.202765,-114.303919,1,place,,,"Kalispell, MT 59901",,,,,Kalispell,MT,"Flathead County",59901,US,"TIGER/Line® dataset from the US Census Bureau"
59901-4770,48.202765,-114.303919,1,place,,,"Kalispell, MT 59901",,,,,Kalispell,MT,"Flathead County",59901,US,"TIGER/Line® dataset from the US Census Bureau"
59901-6783,48.202765,-114.303919,1,place,,,"Kalispell, MT 59901",,,,,Kalispell,MT,"Flathead County",59901,US,"TIGER/Line® dataset from the US Census Bureau"
59901-7428,48.202765,-114.303919,1,place,,,"Kalispell, MT 59901",,,,,Kalispell,MT,"Flathead County",59901,US,"TIGER/Line® dataset from the US Census Bureau"
59901-7440,48.202765,-114.303919,1,place,,,"Kalispell, MT 59901",,,,,Kalispell,MT,"Flathead County",59901,US,"TIGER/Line® dataset from the US Census Bureau"
59901-8725,48.202765,-114.303919,1,place,,,"Kalispell, MT 59901",,,,,Kalispell,MT,"Flathead County",59901,US,"TIGER/Line® dataset from the US Census Bureau"
59901-8884,48.202765,-114.303919,1,place,,,"Kalispell, MT 59901",,,,,Kalispell,MT,"Flathead County",59901,US,"TIGER/Line® dataset from the US Census Bureau"
59904-0634,48.240382,-114.256123,1,place,,,"Kalispell, MT 59904",,,,,Kalispell,MT,"Flathead County",59904,US,"TIGER/Line® dataset from the US Census Bureau"
59911-6547,48.0737,-114.09009,1,place,,,"Bigfork, MT 59911",,,,,Bigfork,MT,"Flathead County",59911,US,"TIGER/Line® dataset from the US Census Bureau"
59911-7352,48.0737,-114.09009,1,place,,,"Bigfork, MT 59911",,,,,Bigfork,MT,"Flathead County",59911,US,"TIGER/Line® dataset from the US Census Bureau"
59912,48.37246,-114.18152,1,place,,,"Columbia Falls, MT 59912",,,,,"Columbia Falls",MT,"Flathead County",59912,US,"TIGER/Line® dataset from the US Census Bureau"
59912-2831,48.37246,-114.18152,1,place,,,"Columbia Falls, MT 59912",,,,,"Columbia Falls",MT,"Flathead County",59912,US,"TIGER/Line® dataset from the US Census Bureau"
59912-8898,48.37246,-114.18152,1,place,,,"Columbia Falls, MT 59912",,,,,"Columbia Falls",MT,"Flathead County",59912,US,"TIGER/Line® dataset from the US Census Bureau"
59914-9722,47.854921,-114.281873,1,place,,,"Dayton, MT 59914",,,,,Dayton,MT,"Lake County",59914,US,"TIGER/Line® dataset from the US Census Bureau"
59917-8204,48.87635,-115.05378,1,place,,,"Eureka, MT 59917",,,,,Eureka,MT,"Lincoln County",59917,US,"TIGER/Line® dataset from the US Census Bureau"
59917-9351,48.87635,-115.05378,1,place,,,"Eureka, MT 59917",,,,,Eureka,MT,"Lincoln County",59917,US,"TIGER/Line® dataset from the US Census Bureau"
59922-0680,48.01293,-114.22948,1,place,,,"Lakeside, MT 59922",,,,,Lakeside,MT,"Flathead County",59922,US,"TIGER/Line® dataset from the US Census Bureau"
59922-0982,48.01293,-114.22948,1,place,,,"Lakeside, MT 59922",,,,,Lakeside,MT,"Flathead County",59922,US,"TIGER/Line® dataset from the US Census Bureau"
59922-9789,48.01293,-114.22948,1,place,,,"Lakeside, MT 59922",,,,,Lakeside,MT,"Flathead County",59922,US,"TIGER/Line® dataset from the US Census Bureau"
59932-0387,48.06771,-114.2017,1,place,,,"Somers, MT 59932",,,,,Somers,MT,"Flathead County",59932,US,"TIGER/Line® dataset from the US Census Bureau"
59937,48.41358,-114.33569,1,place,,,"Whitefish, MT 59937",,,,,Whitefish,MT,"Flathead County",59937,US,"TIGER/Line® dataset from the US Census Bureau"
59937-1709,48.41358,-114.33569,1,place,,,"Whitefish, MT 59937",,,,,Whitefish,MT,"Flathead County",59937,US,"TIGER/Line® dataset from the US Census Bureau"
59937-2739,48.41358,-114.33569,1,place,,,"Whitefish, MT 59937",,,,,Whitefish,MT,"Flathead County",59937,US,"TIGER/Line® dataset from the US Census Bureau"
59937-7519,48.41358,-114.33569,1,place,,,"Whitefish, MT 59937",,,,,Whitefish,MT,"Flathead County",59937,US,"TIGER/Line® dataset from the US Census Bureau"
59937-8107,48.41358,-114.33569,1,place,,,"Whitefish, MT 59937",,,,,Whitefish,MT,"Flathead County",59937,US,"TIGER/Line® dataset from the US Census Bureau"
59937-8363,48.41358,-114.33569,1,place,,,"Whitefish, MT 59937",,,,,Whitefish,MT,"Flathead County",59937,US,"TIGER/Line® dataset from the US Census Bureau"
59937-8413,48.41358,-114.33569,1,place,,,"Whitefish, MT 59937",,,,,Whitefish,MT,"Flathead County",59937,US,"TIGER/Line® dataset from the US Census Bureau"
59937-9001,48.41358,-114.33569,1,place,,,"Whitefish, MT 59937",,,,,Whitefish,MT,"Flathead County",59937,US,"TIGER/Line® dataset from the US Census Bureau"
